Tahun;private sector credit
2017;99.87
2018;108.3943076
2019;108.4890193
2020;115.46
